cat,IPC4
clss,TOTAL
ent,CO2
family,emi
gwp,AR4
note,Read in by JG and RG
scen,HISTORY
srce,UNFCCC2019BI
tablename,CO2AR4_IPC4_TOTAL_NET_HISTORY_UNFCCC2019BI
tpe,NET
unit,MtCO2eq
ISO3,1990,1991,1992,1993,1994,1995,1996,1997,1998,1999,2000,2001,2002,2003,2004,2005,2006,2007,2008,2009,2010,2011,2012,2013,2014,2015,2016
BRA,0.019,0.031,0.054000000000000006,0.061,0.066,0.078,0.078,0.078,0.084,0.08800000000000001,0.095,0.095,0.099,0.11699999999999999,0.12,0.128,0.136,0.155,0.159,0.168,0.175,0.18600000000000003,0.195,0.204,0.213,0.222,nan
CHL,nan,nan,nan,nan,nan,nan,nan,nan,nan,nan,0.0001,nan,nan,nan,nan,nan,0.036886,nan,nan,nan,0.0003,nan,nan,0.0003,nan,nan,0.0005
ETH,nan,nan,nan,nan,0.0045473,0.0047667000000000005,0.0049801,0.0051959,0.005416,0.0056445,0.0058833,0.0061324,0.0063923,0.0066625,0.006941800000000001,0.007229000000000001,0.007524600000000001,0.007828100000000001,0.008145399999999999,0.0084767,0.0088231,0.009185200000000001,0.009564299999999998,0.0099602,nan,nan,nan
KEN,nan,nan,nan,nan,nan,0.00588,nan,nan,nan,nan,0.00657,nan,nan,nan,nan,0.00716,nan,nan,nan,nan,0.0083,nan,nan,nan,nan,nan,nan
KOR,1.3934,1.8721,2.3225,2.8296,2.9909,4.0789,4.6144,5.1142,4.7826,5.5789,7.4451,7.8667,6.7273,6.7787,6.7661,5.8117,6.4535,5.7367,5.6727,5.5449,5.4174,5.9717,6.5511,6.684,6.0433,nan,nan
LBN,nan,nan,nan,nan,nan,nan,nan,nan,nan,nan,0.00296,nan,nan,nan,nan,nan,nan,nan,nan,nan,nan,0.00105,0.00105,5e-05,nan,nan,nan
MEX,0.11882999999999999,0.1216,0.12443,0.12745,0.13079000000000002,0.13345,0.13568,0.13877,0.14328,0.14424,0.14611,0.152,0.18367999999999998,0.24329,0.24516,0.30265,0.3065,0.30746999999999997,0.5231,0.56582,0.6386,0.65288,0.65945,1.6301,nan,nan,nan
MUS,nan,nan,nan,nan,nan,0.33108000000000004,nan,nan,nan,nan,0.0005359,0.0005242000000000001,0.0005309000000000001,0.0004932,0.0004932,0.0004932,nan,nan,nan,nan,nan,nan,nan,nan,nan,nan,nan
PRK,0.033,nan,nan,nan,0.034,nan,nan,nan,nan,nan,0.038,nan,0.04,nan,nan,nan,nan,nan,nan,nan,nan,nan,nan,nan,nan,nan,nan
