cat,IPCMLULUCF
clss,TOTAL
ent,CO2
family,emi
gwp,AR4
note,calculated by the function combine_tables_varying_in_one_sheet_as by CC and JN from PRIMAP
scen,HISTORY
srce,BUR2IPCC2006I
tablename,CO2AR4_IPCMLULUCF_TOTAL_NET_HISTORY_BUR2IPCC2006I
tpe,NET
unit,MtCO2eq
ISO3,1990,1991,1992,1993,1994,1995,1996,1997,1998,1999,2000,2001,2002,2003,2004,2005,2006,2007,2008,2009,2010,2011,2012,2013,2014,2015,2016
AND,-0.12930999999999998,nan,nan,nan,nan,-0.13007,nan,nan,nan,nan,-0.13108,nan,nan,nan,nan,-0.13251,nan,nan,nan,nan,-0.13516,-0.12808,-0.12803,-0.12729000000000001,nan,nan,nan
ARG,67.69,68.967,70.245,71.52199999999999,72.793,75.439,78.084,97.485,90.104,82.72200000000001,68.866,72.45,76.03399999999999,79.619,83.20299999999999,86.788,90.37200000000001,93.95700000000001,97.541,101.125,104.71,83.12,61.53,56.812,45.74100000000001,nan,nan
COL,129.1302,130.9353,132.7365,134.2899,135.9949,137.4613,138.768,141.8592,143.1022,143.9592,128.9748,110.8697,111.5449,124.2842,125.3679,116.4712,115.9767,123.6326,119.9755,113.8956,115.3862,119.9569,118.2391,107.0268,109.0151,nan,nan
IDN,nan,nan,nan,nan,nan,nan,nan,nan,nan,nan,504.56199999999995,379.3199,674.0759,460.2853,706.2417,696.7784,988.3589,614.9153,593.7974,918.4667,432.8086,614.2088,692.5314,602.8639,975.7508,1557.7754,631.725
MDA,-1.7006,-2.7762,-2.1784,-2.2265,-2.1392,-2.1227,-2.5469,-2.1483,-2.1775,-1.8936,-2.1779,-1.814,-1.9005,-1.8276,-1.9927,-1.6977,-1.8136,-2.0067,-1.6933,-1.2988,-1.2203,-1.1601,-1.1742,-1.0209,-0.65622,-1.0931,-1.0996
MEX,-148.2662,-148.2662,-148.2662,-148.2662,-148.2662,-148.2662,-148.2662,-148.2662,-148.2662,-148.2662,-148.2662,-148.2662,-151.1116,-151.1116,-151.1116,-151.1116,-151.1116,-146.5766,-146.5766,-146.5766,-146.5766,-148.3461,-148.3461,-148.3461,-148.3461,-148.3461,nan
MKD,-0.22004,nan,nan,nan,nan,nan,nan,nan,nan,nan,nan,nan,nan,-3.7579,nan,nan,nan,nan,1.351,nan,nan,nan,1.9147,-1.837,-3.1811,nan,nan
NAM,nan,nan,nan,nan,nan,nan,nan,nan,nan,nan,-26.1906,-24.4713,-23.2332,-21.2641,-19.4389,nan,nan,-14.9963,-13.3725,-11.8065,-10.2664,-8.8498,-7.4616,nan,nan,nan,nan
ZAF,nan,nan,nan,nan,nan,nan,nan,nan,nan,nan,-8.2984,-8.3282,-10.8496,-10.2099,-8.3025,-8.1844,-10.5774,-11.5427,-11.5427,-5.4326,-12.4722,-14.7012,-15.9927,-21.0823,nan,nan,nan
