cat,IPCMLULUCF
clss,TOTAL
ent,KYOTOGHG
family,emi
gwp,AR4
note,calculated by the function combine_tables_varying_in_one_sheet_as by CC and JN from PRIMAP
scen,HISTORY
srce,BUR2IPCC2006I
tablename,KYOTOGHG_IPCMLULUCF_TOTAL_NET_HISTORY_BUR2IPCC2006I
tpe,NET
unit,MtCO2eq
ISO3,1990,1991,1992,1993,1994,1995,1996,1997,1998,1999,2000,2001,2002,2003,2004,2005,2006,2007,2008,2009,2010,2011,2012,2013,2014,2015,2016
AND,-0.12930999999999998,nan,nan,nan,nan,-0.13007,nan,nan,nan,nan,-0.13108,nan,nan,nan,nan,-0.13251,nan,nan,nan,nan,-0.13516,-0.12808,-0.12803,-0.12729000000000001,nan,nan,nan
ARG,67.69,68.967,70.245,71.52199999999999,72.793,75.439,78.084,97.485,90.104,82.72200000000001,68.866,72.45,76.03399999999999,79.619,83.20299999999999,86.788,90.37200000000001,93.95700000000001,97.541,101.125,104.71,83.12,61.53,56.812,45.74100000000001,nan,nan
COL,129.1505,130.9558,132.756,134.3116,136.0173,137.4836,138.7905,141.8623,143.1038,143.9608,128.9918,110.8886,111.5673,124.3032,125.3864,116.4898,115.9958,123.6545,119.9955,113.9119,115.3903,119.9602,118.2418,107.0296,109.0178,nan,nan
IDN,nan,nan,nan,nan,nan,nan,nan,nan,nan,nan,505.4466,380.2057,675.023,461.106,708.0265,698.6929,990.1106,616.706,595.6154,920.6801,434.9782,616.5415,695.2131,607.757,979.7737,1570.1478,635.8058
MDA,-1.5276,-2.5899,-1.9715,-2.001,-1.901,-1.8689,-2.2831,-1.8735,-1.8907,-1.5973,-1.8807,-1.5162,-1.6033,-1.5332,-1.7023,-1.4109,-1.5308,-1.7271,-1.4205,-1.0332,-0.96195,-0.90802,-0.9395600000000001,-0.80274,-0.45364,-0.90217,-0.92
MEX,-148.2662,-148.2662,-148.2662,-148.2662,-148.2662,-148.2662,-148.2662,-148.2662,-148.2662,-148.2662,-148.2662,-148.2662,-151.1116,-151.1116,-151.1116,-151.1116,-151.1116,-146.5766,-146.5766,-146.5766,-146.5766,-148.3461,-148.3461,-148.3461,-148.3461,-148.3461,nan
MKD,-0.22004,nan,nan,nan,nan,nan,nan,nan,nan,nan,nan,nan,nan,-3.7579,nan,nan,nan,nan,1.351,nan,nan,nan,1.9147,-1.837,-3.1811,nan,nan
NAM,nan,nan,nan,nan,nan,nan,nan,nan,nan,nan,-26.1906,-24.4713,-23.2332,-21.2641,-19.4389,0.0,0.0,-14.9963,-13.3725,-11.8065,-10.2664,-8.8498,-7.4616,nan,nan,nan,nan
ZAF,nan,nan,nan,nan,nan,nan,nan,nan,nan,nan,-7.8318,-7.8763,-10.4122,-9.7872,-7.8944,-7.7909,-10.1986,-11.1785,-11.1785,-5.0829,-12.1372,-14.3808,-15.6869,-20.7911,nan,nan,nan
