cat,IPCM0EL
clss,TOTAL
ent,PFCS
family,emi
gwp,AR4
note,Read in by JG and RG
scen,HISTORY
srce,UNFCCC2019BI
tablename,PFCS_IPCM0EL_TOTAL_NET_HISTORY_UNFCCC2019BI
tpe,NET
unit,MtCO2eq
ISO3,1990,1991,1992,1993,1994,1995,1996,1997,1998,1999,2000,2001,2002,2003,2004,2005,2006,2007,2008,2009,2010,2011,2012,2013,2014,2015
ARG,1.8114,nan,nan,nan,0.5877600000000001,nan,nan,0.5350600000000001,nan,nan,0.37501,nan,nan,nan,nan,nan,nan,nan,nan,nan,0.20125,nan,0.21099,nan,nan,nan
BRA,2.5372,2.8222,2.9939,2.8095,2.7104,2.5667,2.5007,1.6813,1.8833,1.6676,1.2189,0.9547200000000001,1.1337,1.1398,1.0334,1.0362,1.0212,0.98231,0.9574600000000001,0.6829,0.63575,0.52351,0.54251,0.47188,0.34481999999999996,0.27537
GHA,0.62905,0.62905,0.7038,0.7038,0.5543,0.47955,0.47955,0.5543,0.1495,0.1495,0.07475,0.07475,0.07475,nan,nan,nan,nan,nan,nan,nan,nan,nan,nan,nan,nan,nan
KOR,nan,nan,0.000322,0.0018629999999999999,0.037277,0.07269099999999999,0.67551,1.935,1.8965,2.1605,2.5746,2.2819,2.2625,2.6069,3.1902,3.2163,3.3639,3.4251,3.2117,2.3542,2.6043,2.3826,2.6081,2.6686,2.7909,nan
MEX,0.44748999999999994,0.32792,0.28988,0.17704,0.12429000000000001,0.07153,0.42189,0.4558,0.46263999999999994,0.5334300000000001,0.58122,0.35375,0.26789,0.17173,nan,nan,nan,nan,nan,nan,nan,nan,nan,nan,nan,nan
MNE,2.5599,3.4132,1.7066,0.8533,nan,nan,1.7066,1.7066,1.7066,1.7066,2.5599,2.5599,2.5599,1.7066,1.7066,1.7066,1.6393,1.7664,0.8308700000000001,0.5617800000000001,0.68885,0.6739,nan,nan,nan,nan
SGP,nan,nan,nan,nan,nan,nan,nan,nan,nan,nan,0.57047,nan,nan,nan,nan,nan,nan,nan,nan,nan,1.1361,nan,1.0705,nan,nan,nan
